1,000000,Black
2,0C090A,Night
3,2C3539,Gunmetal
4,2B1B17,Midnight
5,34282C,Charcoal
6,25383C,Dark Slate Grey
7,3B3131,Oil
8,413839,Black Cat
9,3D3C3A,Iridium
10,463E3F,Black Eel
11,4C4646,Black Cow
12,504A4B,Gray Wolf
13,565051,Vampire Gray
14,5C5858,Gray Dolphin
15,625D5D,Carbon Gray
16,666362,Ash Gray
17,6D6968,Cloudy Gray
18,726E6D,Smokey Gray
19,736F6E,Gray
20,837E7C,Granite
21,848482,Battleship Gray
22,B6B6B4,Gray Cloud
23,D1D0CE,Gray Goose
24,E5E4E2,Platinum
25,BCC6CC,Metallic Silver
26,98AFC7,Blue Gray
27,6D7B8D,Light Slate Gray
28,657383,Slate Gray
29,616D7E,Jet Gray
30,646D7E,Mist Blue
31,566D7E,Marble Blue
32,737CA1,Slate Blue
33,4863A0,Steel Blue
34,2B547E,Blue Jay
35,2B3856,Dark Slate Blue
36,151B54,Midnight Blue
37,000080,Navy Blue
38,342D7E,Blue Whale
39,15317E,Lapis Blue
40,151B8D,Cornflower Blue
41,0000A0,Earth Blue
42,0020C2,Cobalt Blue
43,0041C2,Blueberry Blue
44,2554C7,Sapphire Blue
45,1569C7,Blue Eyes
46,2B60DE,Royal Blue
47,1F45FC,Blue Orchid
48,6960EC,Blue Lotus
49,736AFF,Light Slate Blue
50,357EC7,Slate Blue
51,368BC1,Glacial Blue Ice
52,488AC7,Silk Blue
53,3090C7,Blue Ivy
54,659EC7,Blue Koi
55,87AFC7,Columbia Blue
56,95B9C7,Baby Blue
57,728FCE,Light Steel Blue
58,2B65EC,Ocean Blue
59,306EFF,Blue Ribbon
60,157DEC,Blue Dress
61,1589FF,Dodger Blue
62,6495ED,Cornflower Blue
63,6698FF,Sky Blue
64,38ACEC,Butterfly Blue
65,56A5EC,Iceberg
66,5CB3FF,Crystal Blue
67,3BB9FF,Deep Sky Blue
68,79BAEC,Denim Blue
69,82CAFA,Light Sky Blue
70,82CAFF,Day Sky Blue
71,A0CFEC,Jeans Blue
72,B7CEEC,Blue Angel
73,B4CFEC,Pastel Blue
74,C2DFFF,Sea Blue
75,C6DEFF,Powder Blue
76,AFDCEC,Coral Blue
77,ADDFFF,Light Blue
78,BDEDFF,Robin Egg Blue
79,CFECEC,Pale Blue Lily
80,E0FFFF,Light Cyan
81,EBF4FA,Water
82,F0F8FF,Alice Blue
83,F0FFFF,Azure
84,CCFFFF,Light Slate
85,93FFE8,Light Aquamarine
86,9AFEFF,Electric Blue
87,7FFFD4,Aquamarine
88,00FFFF,Cyan or Aqua
89,7DFDFE,Tron Blue
90,57FEFF,Blue Zircon
91,8EEBEC,Blue Lagoon
92,50EBEC,Celeste
93,4EE2EC,Blue Diamond
94,81D8D0,Tiffany Blue
95,92C7C7,Cyan Opaque
96,77BFC7,Blue Hosta
97,78C7C7,Northern Lights Blue
98,48CCCD,Medium Turquoise
99,43C6DB,Turquoise
100,46C7C7,Jellyfish
101,43BFC7,Macaw Blue Green
102,3EA99F,Light Sea Green
103,3B9C9C,Dark Turquoise
104,438D80,Sea Turtle Green
105,348781,Medium Aquamarine
106,307D7E,Greenish Blue
107,5E7D7E,Grayish Turquoise
108,4C787E,Beetle Green
109,008080,Teal
110,4E8975,Sea Green
111,78866B,Camouflage Green
112,848b79,Sage Green
113,617C58,Hazel Green
114,728C00,Venom Green
115,667C26,Fern Green
116,254117,Dark Forrest Green
117,306754,Medium Sea Green
118,347235,Medium Forest Green
119,437C17,Seaweed Green
120,387C44,Pine Green
121,347C2C,Jungle Green
122,347C17,Shamrock Green
123,348017,Medium Spring Green
124,4E9258,Forest Green
125,6AA121,Green Onion
126,4AA02C,Spring Green
127,41A317,Lime Green
128,3EA055,Clover Green
129,6CBB3C,Green Snake
130,6CC417,Alien Green
131,4CC417,Green Apple
132,52D017,Yellow Green
133,4CC552,Kelly Green
134,54C571,Zombie Green
135,99C68E,Frog Green
136,89C35C,Green Peas
137,85BB65,Dollar Bill Green
138,8BB381,Dark Sea Green
139,9CB071,Iguana Green
140,B2C248,Avocado Green
141,9DC209,Pistachio Green
142,A1C935,Salad Green
143,7FE817,Hummingbird Green
144,59E817,Nebula Green
145,57E964,Stoplight Go Green
146,64E986,Algae Green
147,5EFB6E,Jade Green
148,00FF00,Lime Green
149,5FFB17,Emerald Green
150,87F717,Lawn Green
151,8AFB17,Chartreuse
152,6AFB92,Dragon Green
153,98FF98,Mint Green
154,B5EAAA,Green Thumb
155,C3FDB8,Light Jade
156,CCFB5D,Tea Green
157,B1FB17,Green Yellow
158,BCE954,Slime Green
159,EDDA74,Goldenrod
160,EDE275,Harvest Gold
161,FFE87C,Sun Yellow
162,FFFF00,Yellow
163,FFF380,Corn Yellow
164,FFFFC2,Parchment
165,FFFFCC,Cream
166,FFF8C6,Lemon Chiffon
167,FFF8DC,Cornsilk
168,F5F5DC,Beige
169,FBF6D9,Blonde
170,FAEBD7,Antique White
171,F7E7CE,Champagne
172,FFEBCD,Blanched Almond
173,F3E5AB,Vanilla
174,ECE5B6,Tan Brown
175,FFE5B4,Peach
176,FFDB58,Mustard
177,FFD801,Rubber Ducky Yellow
178,FDD017,Bright Gold
179,EAC117,Golden Brown
180,F2BB66,Macaroni and Cheese
181,FBB917,Saffron
182,FBB117,Beer
183,FFA62F,Cantaloupe
184,E9AB17,Bee Yellow
185,E2A76F,Brown Sugar
186,DEB887,Burly Wood
187,FFCBA4,Deep Peach
188,C9BE62,Ginger Brown
189,E8A317,School Bus Yellow
190,EE9A4D,Sandy Brown
191,C8B560,Fall Leaf Brown
192,D4A017,Orange Gold
193,C2B280,Sand
194,C7A317,Cookie Brown
195,C68E17,Caramel
196,B5A642,Brass
197,ADA96E,Khaki
198,C19A6B,Camel Brown
199,CD7F32,Bronze
200,C88141,Tiger Orange
201,C58917,Cinnamon
202,AF9B60,Bullet Shell
203,AF7817,Dark Goldenrod
204,B87333,Copper
205,966F33,Wood
206,806517,Oak Brown
207,827839,Moccasin
208,827B60,Army Brown
209,786D5F,Sandstone
210,493D26,Mocha
211,483C32,Taupe
212,6F4E37,Coffee
213,835C3B,Brown Bear
214,7F5217,Red Dirt
215,7F462C,Sepia
216,C47451,Orange Salmon
217,C36241,Rust
218,C35817,Red Fox
219,C85A17,Chocolate
220,CC6600,Sedona
221,E56717,Papaya Orange
222,E66C2C,Halloween Orange
223,F87217,Pumpkin Orange
224,F87431,Construction Cone Orange
225,E67451,Sunrise Orange
226,FF8040,Mango Orange
227,F88017,Dark Orange
228,FF7F50,Coral
229,F88158,Basket Ball Orange
230,F9966B,Light Salmon
231,E78A61,Tangerine
232,E18B6B,Dark Salmon
233,E77471,Light Coral
234,F75D59,Bean Red
235,E55451,Valentine Red
236,E55B3C,Shocking Orange
237,FF0000,Red
238,FF2400,Scarlet
239,F62217,Ruby Red
240,F70D1A,Ferrari Red
241,F62817,Fire Engine Red
242,E42217,Lava Red
243,E41B17,Love Red
244,DC381F,Grapefruit
245,C34A2C,Chestnut Red
246,C24641,Cherry Red
247,C04000,Mahogany
248,C11B17,Chilli Pepper
249,9F000F,Cranberry
250,990012,Red Wine
251,8C001A,Burgundy
252,954535,Chestnut
253,7E3517,Blood Red
254,8A4117,Sienna
255,7E3817,Sangria
256,800517,Firebrick
257,810541,Maroon
258,7D0541,Plum Pie
259,7E354D,Velvet Maroon
260,7D0552,Plum Velvet
261,7F4E52,Rosy Finch
262,7F5A58,Puce
263,7F525D,Dull Purple
264,B38481,Rosy Brown
265,C5908E,Khaki Rose
266,C48189,Pink Bow
267,C48793,Lipstick Pink
268,E8ADAA,Rose
269,EDC9AF,Desert Sand
270,FDD7E4,Pig Pink
271,FCDFFF,Cotton Candy
272,FFDFDD,Pink Bubblegum
273,FBBBB9,Misty Rose
274,FAAFBE,Pink
275,FAAFBA,Light Pink
276,F9A7B0,Flamingo Pink
277,E7A1B0,Pink Rose
278,E799A3,Pink Daisy
279,E38AAE,Cadillac Pink
280,F778A1,Carnation Pink
281,E56E94,Blush Red
282,F660AB,Hot Pink
283,FC6C85,Watermelon Pink
284,F6358A,Violet Red
285,F52887,Deep Pink
286,E45E9D,Pink Cupcake
287,E4287C,Pink Lemonade
288,F535AA,Neon Pink
289,FF00FF,Magenta
290,E3319D,Dimorphotheca Magenta
291,F433FF,Bright Neon Pink
292,D16587,Pale Violet Red
293,C25A7C,Tulip Pink
294,CA226B,Medium Violet Red
295,C12869,Rogue Pink
296,C12267,Burnt Pink
297,C25283,Bashful Pink
298,C12283,Carnation Pink
299,B93B8F,Plum
300,7E587E,Viola Purple
301,571B7E,Purple Iris
302,583759,Plum Purple
303,4B0082,Indigo
304,461B7E,Purple Monster
305,4E387E,Purple Haze
306,614051,Eggplant
307,5E5A80,Grape
308,6A287E,Purple Jam
309,7D1B7E,Dark Orchid
310,A74AC7,Purple Flower
311,B048B5,Medium Orchid
312,6C2DC7,Purple Amethyst
313,842DCE,Dark Violet
314,8D38C9,Violet
315,7A5DC7,Purple Sage Bush
316,7F38EC,Lovely Purple
317,8E35EF,Purple
318,893BFF,Aztech Purple
319,8467D7,Medium Purple
320,A23BEC,Jasmine Purple
321,B041FF,Purple Daffodil
322,C45AEC,Tyrian Purple
323,9172EC,Crocus Purple
324,9E7BFF,Purple Mimosa
325,D462FF,Heliotrope Purple
326,E238EC,Crimson
327,C38EC7,Purple Dragon
328,C8A2C8,Lilac
329,E6A9EC,Blush Pink
330,E0B0FF,Mauve
331,C6AEC7,Wisteria Purple
332,F9B7FF,Blossom Pink
333,D2B9D3,Thistle
334,E9CFEC,Periwinkle
335,EBDDE2,Lavender Pinocchio
336,E3E4FA,Lavender Blue
337,FDEEF4,Pearl
338,FFF5EE,SeaShell
339,FEFCFF,Milk White
340,FFFFFF,White
341,0000FF,Blue
342,008000,Green
343,808000,Olive
344,C0C0C0,Silver
345,808080,Grey
346,800080,Purple
347,800000,Maroon
